<application>
  <component name="AppStorage">
    <option name="newTranslationDialogHeight" value="296" />
    <option name="newTranslationDialogWidth" value="1048" />
    <option name="newTranslationDialogX" value="1111" />
    <option name="newTranslationDialogY" value="86" />
    <histories>
      <item value="you have a perpetual license for the new version" />
      <item value="you have a perpetual license for " />
      <item value="you have a perpetual licen" />
      <item value="you have a perpetual " />
      <item value="you have a perpe" />
      <item value="you have a per" />
      <item value="you have " />
      <item value="you " />
      <item value="you" />
      <item value="Некорректный" />
      <item value="Некорректный ф" />
      <item value="departament" />
      <item value="departamentReference =" />
      <item value="Removing this property may lead to editor performance degradation under Windows." />
      <item value="before" />
      <item value="befo" />
      <item value="xmap creates a mapping for just Visual mode whereas vmap creates one for both Visual mode and Select mode." />
      <item value="I had the same problem with slowness in IntelliJ 13 after upgrading from 12. What worked for me was editing the idea64.vmoptions in the bin folder and setting the max heap to 8 GB (was 512 MB) and the Max PermGen to at least 1GB (was 300MB).Example below:" />
      <item value="следущий экран" />
      <item value="сле" />
      <item value="слещу" />
      <item value="слещ" />
      <item value="substitute" />
      <item value="substi" />
      <item value="until char" />
      <item value="until chart" />
      <item value="Set Define" />
      <item value="FindAll() is a function on the List&lt;T&gt; type, it's not a LINQ extension method like Where. The LINQ extension methods work on any type that implements IEnumerable, whereas FindAll can only be used on List&lt;T&gt; instances (or instances of classes that inherit from it, of course).&#10;&#10;Additionally, they differ in actual purpose. Where returns an instance of IEnumerable that is executed on-demand when the object is enumerated. FindAll returns a new List&lt;T&gt; that contains the requested elements. FindAll is more like calling Where(...).ToList() on an instance of IEnumerable." />
      <item value="On .NET Core, the AppDomain implementation is limited by design and does not provide isolation, unloading, or security boundaries. For .NET Core, there is exactly one AppDomain. Isolation and unloading are provided through AssemblyLoadContext. Security boundaries should be provided by process boundaries and appropriate remoting techniques." />
      <item value="Month" />
      <item value="масштаб" />
      <item value="ма" />
      <item value="маштаб" />
      <item value="маш" />
      <item value="Месяц" />
      <item value="Departament Number" />
      <item value="Качество выпускаемой продукции" />
      <item value="Каче" />
      <item value="отчет о выпускаемой продукции" />
      <item value="отчет о выпускаемой продукци" />
      <item value="отчет о выпускаемой проду" />
      <item value="отчет о выпускаемой прода" />
      <item value="отчет о выпуска" />
      <item value="отчет " />
      <item value="Информация по доработкам " />
      <item value="Информация по доработкам (по исправимому браку)" />
      <item value="Информация по доработкам (по исправимому браку)&#9;&#9;&#9;&#9;&#9;&#9;&#9;&#9;&#9;&#9;&#9;&#9;&#9;&#10;" />
      <item value="Информация по доработкам &#9;&#9;&#9;&#9;&#9;&#9;&#9;&#9;&#9;&#9;&#9;&#9;&#9;&#10;" />
      <item value="Замечания по продукции&#9;&#9;&#9;&#9;&#9;&#9;&#9;&#9;&#9;&#9;&#9;&#9;&#9;&#10;" />
      <item value="Замечания по продукции, прошедшей входной контроль&#9;&#9;&#9;&#9;&#9;&#9;&#9;&#9;&#9;&#9;&#9;&#9;&#9;&#10;" />
    </histories>
    <option name="languageScores">
      <map>
        <entry key="ENGLISH" value="414" />
        <entry key="GERMAN" value="1" />
        <entry key="RUSSIAN" value="423" />
        <entry key="CATALAN" value="3" />
        <entry key="LATVIAN" value="1" />
        <entry key="ROMANIAN" value="1" />
        <entry key="MACEDONIAN" value="1" />
        <entry key="HMONG" value="1" />
        <entry key="SERBIAN" value="2" />
        <entry key="SCOTS_GAELIC" value="1" />
        <entry key="ITALIAN" value="1" />
      </map>
    </option>
  </component>
  <component name="Cache">
    <option name="lastTrimTime" value="1670219711916" />
  </component>
  <component name="Settings">
    <option name="translateDocumentation" value="true" />
  </component>
  <component name="Translation.Cache">
    <option name="lastTrimTime" value="1683016427530" />
  </component>
  <component name="Translation.States">
    <option name="newTranslationDialogCollapseDictViewer" value="false" />
    <option name="newTranslationDialogHeight" value="411" />
    <option name="newTranslationDialogWidth" value="1175" />
    <option name="newTranslationDialogX" value="458" />
    <option name="newTranslationDialogY" value="111" />
    <histories>
      <item value="Configuration" />
      <item value="Configu" />
      <item value="Confi" />
      <item value="the heresy" />
      <item value="ошибка" />
      <item value="Была ошибка" />
      <item value="the tide" />
      <item value="Quality Fields" />
      <item value="example" />
      <item value="exa" />
      <item value="excample" />
      <item value="ex" />
      <item value="Users Fields" />
      <item value="подразделение" />
      <item value="под" />
      <item value="подр" />
      <item value="Delivery Of Product By Stage" />
      <item value="Is Empty" />
      <item value="Производственный цех" />
      <item value="Производственный " />
      <item value="Производственный участок" />
      <item value="Произ" />
      <item value="Участок" />
      <item value="Уяа" />
      <item value="Цех" />
      <item value="Month" />
      <item value="Mounth" />
      <item value="Записи" />
      <item value="Запси" />
      <item value="Records" />
      <item value="contend" />
      <item value="con" />
      <item value="poetry" />
      <item value="recording options" />
      <item value="recor" />
      <item value="Основные параметры запис" />
      <item value="Основные параметры записи" />
      <item value="Основ" />
      <item value="Ос" />
      <item value="параметры основной группы" />
      <item value="параметры основной гру" />
      <item value="о" />
      <item value="параметры" />
      <item value="параметры " />
      <item value="О" />
      <item value="Основные параметры" />
      <item value="Основные " />
      <item value="Осно" />
      <item value="Сведения о сдаче в отдел Сбыта" />
      <item value="Неподтвердившиеся возвраты и анализы" />
    </histories>
    <option name="languageScores">
      <map>
        <entry key="ENGLISH" value="100" />
        <entry key="HMONG" value="1" />
        <entry key="RUSSIAN" value="134" />
      </map>
    </option>
  </component>
</application>