<application>
  <component name="LafManager" autodetect="false">
    <laf class-name="com.intellij.ide.ui.laf.darcula.DarculaLaf" themeId="RiderNight" />
    <lafs-to-previous-schemes>
      <laf-to-scheme laf="GitHub Dark Dimmed" scheme="_@user_Default" />
      <laf-to-scheme laf="Github - Light Default" scheme="_@user_Default" />
      <laf-to-scheme laf="Hack The Box" scheme="_@user_Default" />
      <laf-to-scheme laf="Light" scheme="_@user_Light" />
      <laf-to-scheme laf="Light with Light Header" scheme="_@user_Light" />
      <laf-to-scheme laf="Vim Dark" scheme="_@user_Default" />
      <laf-to-scheme laf="Vim Dark Soft" scheme="_@user_Default" />
    </lafs-to-previous-schemes>
  </component>
</application>