<application>
  <component name="Translation.Cache">
    <option name="lastTrimTime" value="1700460696665" />
  </component>
  <component name="Translation.States">
    <option name="newTranslationDialogCollapseDictViewer" value="false" />
    <option name="newTranslationDialogHeight" value="330" />
    <option name="newTranslationDialogWidth" value="973" />
    <option name="newTranslationDialogX" value="633" />
    <option name="newTranslationDialogY" value="190" />
    <option name="pinTranslationDialog" value="true" />
    <histories>
      <item value="send progress" />
      <item value="explain" />
      <item value="добавил фабричный метод " />
      <item value="добавил фабри" />
      <item value="добавил " />
      <item value="добавил" />
      <item value="до" />
      <item value="Consider using the constraint model, Assert.That(actual, Is.Not.SameAs(expected)), instead of the classic model, Assert.AreNotSame(expected, actual)" />
      <item value="active Action Data" />
      <item value="Closure allocation: capture of 'activeActionData' variable" />
      <item value="search Path" />
      <item value="sea" />
      <item value="a" />
      <item value="Delegate allocation: new 'Func&lt;ITelegramBotClient,Update,CancellationToken,Task&gt;' instance creation" />
      <item value="Не найдена папка TFlex-DOCs" />
      <item value="путь поиска" />
      <item value="пук" />
      <item value="my mum caught me watching this now i live with my dad" />
      <item value="my mum caught me watching this now i live with my " />
      <item value="my mum caught me watching this now i live with " />
      <item value="my mum caught me watching this now i live t" />
      <item value="my mum caught me watching this now i live " />
      <item value="my mum caught me watching this now " />
      <item value="my mum caught me watching " />
      <item value="my mum caught me watc" />
      <item value="my mum caught me watch" />
      <item value="my mum caught " />
      <item value="my mum cau" />
      <item value="my mum ca" />
      <item value="my mum cy" />
      <item value="my mum c" />
      <item value="my mum ciyght ne " />
      <item value="my mum ciyg" />
      <item value="my mum ciy" />
      <item value="my mum " />
      <item value="my mum" />
      <item value="no rival" />
      <item value="no ri" />
      <item value="ReferenceObjectPaths" />
      <item value="ReferenceObject" />
      <item value="Paths" />
      <item value="Path" />
      <item value="расчитать" />
      <item value="расч" />
      <item value="hf" />
      <item value="Corresponding quantity for object" />
      <item value="Соответствующее количество для объекта" />
      <item value="Matching quantity for object" />
      <item value="Ma quantity for object" />
      <item value=" quantity for object" />
    </histories>
    <option name="languageScores">
      <map>
        <entry key="DANISH" value="1" />
        <entry key="ENGLISH" value="521" />
        <entry key="GUJARATI" value="1" />
        <entry key="LUXEMBOURGISH" value="1" />
        <entry key="POLISH" value="1" />
        <entry key="RUSSIAN" value="533" />
      </map>
    </option>
  </component>
</application>