<keymap version="1" name="asdq" parent="ReSharper">
  <action id="CheckinProject" />
  <action id="CommentByLineComment">
    <keyboard-shortcut first-keystroke="ctrl divide" />
  </action>
  <action id="EditorDown">
    <keyboard-shortcut first-keystroke="down" />
    <keyboard-shortcut first-keystroke="ctrl j" />
  </action>
  <action id="EditorUnindentSelection" />
  <action id="EditorUp">
    <keyboard-shortcut first-keystroke="up" />
    <keyboard-shortcut first-keystroke="ctrl k" />
  </action>
  <action id="FileChooser.NewFolder">
    <keyboard-shortcut first-keystroke="alt insert" />
  </action>
  <action id="Forward">
    <keyboard-shortcut first-keystroke="shift ctrl subtract" />
    <mouse-shortcut keystroke="button5" />
  </action>
  <action id="Graph.ActualSize">
    <keyboard-shortcut first-keystroke="ctrl divide" />
  </action>
  <action id="Images.Editor.ActualSize">
    <keyboard-shortcut first-keystroke="ctrl divide" />
  </action>
  <action id="InsertLiveTemplate" />
  <action id="PrevParameter" />
  <action id="PreviousTemplateVariable" />
  <action id="RiderCoveringTestsPopupCoverAllTestsAction" />
  <action id="SearchEverywhere" />
  <action id="SearchEverywhere.PrevTab" />
  <action id="com.obroom.plugin.coderadiolite.action.volumeDown">
    <keyboard-shortcut first-keystroke="shift ctrl minus" />
  </action>
  <action id="com.obroom.plugin.coderadiolite.action.volumeUp">
    <keyboard-shortcut first-keystroke="shift ctrl equals" />
  </action>
</keymap>