<keymap version="1" name="ASDReSharper " parent="ReSharper">
  <action id="BuildCurrentProject" />
  <action id="ChangesView.ToggleCommitUi" />
  <action id="CheckinProject" />
  <action id="CollapseAllRegions">
    <keyboard-shortcut first-keystroke="shift ctrl alt minus" />
  </action>
  <action id="CollapseRegion">
    <keyboard-shortcut first-keystroke="ctrl m" second-keystroke="s" />
    <keyboard-shortcut first-keystroke="ctrl m" second-keystroke="ctrl s" />
    <keyboard-shortcut first-keystroke="alt minus" />
  </action>
  <action id="Console.TableResult.DeleteRows">
    <keyboard-shortcut first-keystroke="shift ctrl l" />
  </action>
  <action id="EditorCodeBlockEnd">
    <keyboard-shortcut first-keystroke="alt open_bracket" />
  </action>
  <action id="EditorCodeBlockStart">
    <keyboard-shortcut first-keystroke="alt close_bracket" />
  </action>
  <action id="EditorDeleteLine">
    <keyboard-shortcut first-keystroke="shift ctrl l" />
  </action>
  <action id="EditorDown">
    <keyboard-shortcut first-keystroke="down" />
    <keyboard-shortcut first-keystroke="ctrl j" />
  </action>
  <action id="EditorLeft">
    <keyboard-shortcut first-keystroke="left" />
    <keyboard-shortcut first-keystroke="ctrl h" />
  </action>
  <action id="EditorMatchBrace">
    <keyboard-shortcut first-keystroke="ctrl open_bracket" />
  </action>
  <action id="EditorRight">
    <keyboard-shortcut first-keystroke="right" />
    <keyboard-shortcut first-keystroke="ctrl l" />
  </action>
  <action id="EditorUp">
    <keyboard-shortcut first-keystroke="up" />
    <keyboard-shortcut first-keystroke="ctrl k" />
  </action>
  <action id="ExpandAll" />
  <action id="ExpandAllRegions">
    <keyboard-shortcut first-keystroke="shift ctrl alt equals" />
  </action>
  <action id="ExpandExpandableComponent">
    <keyboard-shortcut first-keystroke="shift enter" />
    <keyboard-shortcut first-keystroke="ctrl add" />
  </action>
  <action id="ExpandRegion">
    <keyboard-shortcut first-keystroke="alt equals" />
  </action>
  <action id="ExternalSystem.ExpandAll" />
  <action id="Forward">
    <keyboard-shortcut first-keystroke="ctrl equals" />
  </action>
  <action id="Git.Commit.Stage" />
  <action id="IdeaVim.ReloadVimRc.reload">
    <keyboard-shortcut first-keystroke="shift ctrl alt f12" />
  </action>
  <action id="InsertLiveTemplate" />
  <action id="List-selectPreviousColumn">
    <keyboard-shortcut first-keystroke="left" />
  </action>
  <action id="MethodUp">
    <keyboard-shortcut first-keystroke="alt up" />
    <keyboard-shortcut first-keystroke="alt k" />
  </action>
  <action id="NavBar-selectLeft">
    <keyboard-shortcut first-keystroke="left" />
  </action>
  <action id="NextSplitter">
    <keyboard-shortcut first-keystroke="alt n" />
  </action>
  <action id="PopupMenu-selectNext">
    <keyboard-shortcut first-keystroke="down" />
  </action>
  <action id="PrevSplitter">
    <keyboard-shortcut first-keystroke="alt p" />
  </action>
  <action id="ReSharperGotoContainingDeclaration" />
  <action id="Replace" />
  <action id="RiderCoveringTestsPopupCoverAllTestsAction" />
  <action id="RiderUnitTestRunSolutionTwAction" />
  <action id="SegmentedButton-left">
    <keyboard-shortcut first-keystroke="left" />
  </action>
  <action id="SplitHorizontally">
    <keyboard-shortcut first-keystroke="alt s" />
  </action>
  <action id="SplitVertically">
    <keyboard-shortcut first-keystroke="alt v" />
  </action>
  <action id="Terminal.ClearBuffer" />
  <action id="Terminal.NextSplitter" />
  <action id="Terminal.PrevSplitter" />
  <action id="Tree-selectNext">
    <keyboard-shortcut first-keystroke="down" />
  </action>
  <action id="Tree-selectParent">
    <keyboard-shortcut first-keystroke="left" />
  </action>
  <action id="Vcs.ShowMessageHistory" />
</keymap>