<keymap version="1" name="ReSharper copy" parent="ReSharper">
  <action id="CheckinProject" />
  <action id="EditorDeleteLine">
    <keyboard-shortcut first-keystroke="shift ctrl l" />
  </action>
  <action id="EditorDown">
    <keyboard-shortcut first-keystroke="down" />
    <keyboard-shortcut first-keystroke="ctrl j" />
  </action>
  <action id="EditorLeft">
    <keyboard-shortcut first-keystroke="left" />
    <keyboard-shortcut first-keystroke="ctrl h" />
  </action>
  <action id="EditorRight">
    <keyboard-shortcut first-keystroke="right" />
    <keyboard-shortcut first-keystroke="ctrl l" />
  </action>
  <action id="EditorUp">
    <keyboard-shortcut first-keystroke="up" />
    <keyboard-shortcut first-keystroke="ctrl k" />
  </action>
  <action id="InsertLiveTemplate" />
  <action id="Replace" />
  <action id="RiderCoveringTestsPopupCoverAllTestsAction" />
  <action id="RiderUnitTestRunSolutionTwAction" />
  <action id="Terminal.ClearBuffer" />
  <action id="Vcs.ShowMessageHistory" />
</keymap>